Variante,Springermedizin-Live: nDCG-Wert AVG,Springermedizin-Live: nDCG-Wert min,Springermedizin-Live: nDCG-Wert max,Rerank: nDCG-Wert AVG,Rerank: nDCG-Wert min,Rerank: nDCG-Wert max
Variante 0.05 / eingeloggte User,0.8454186193943706,0.42986591000160457,0.9982319629660183,0.8739259903674377,0.4225567788133685,0.997589953124409
Variante 0.05 / alle User,0.8548650461678341,0.3903657276800071,0.9777910543653653,0.8615474678073813,0.4153910444298234,0.9707049019021974
Variante 0.1 / eingeloggte User,0.8637536901139287,0.7072905854483136,0.9953055540754383,0.8646624980998956,0.7031380767189237,0.9850308629738125
Variante 0.1 / alle User,0.8952642924128684,0.6666653696930624,0.9890368838589743,0.8732524793543531,0.5952510134950182,0.9966336434508536
