Variante;Index;AVG_S;AVG_S_Min;AVG_S_Max;AVG_R;AVG_R_Min;AVG_R_Max
{$X_u = 0.05$ \\ angemeldet = true};1;0.8454186193943706;0.42986591000160457;0.9982319629660183;0.8739259903674377;0.4225567788133685;0.997589953124409
{$X_u = 0.05$ \\ angemeldet = false};2;0.8548650461678341;0.3903657276800071;0.9777910543653653;0.8615474678073813;0.4153910444298234;0.9707049019021974
{$X_u = 0.1$ \\ angemeldet = true};3;0.8637536901139287;0.7072905854483136;0.9953055540754383;0.8646624980998956;0.7031380767189237;0.9850308629738125
{$X_u = 0.1$ \\ angemeldet = false};4;0.8952642924128684;0.6666653696930624;0.9890368838589743;0.8732524793543531;0.5952510134950182;0.9966336434508536