Position;N;R1;R2;R3;R4
1;2.184375;2.225;2.15625;1.96875;2.075
2;2.1234375;2.0;2.15625;2.09375;2.325
3;2.0015625;2.275;1.75;2.1875;2.05
4;1.9171875;2.15;1.9375;2.0;1.95
5;1.884375;2.375;1.9375;1.875;1.9
6;1.7953124999999999;1.95;1.53125;2.3125;1.85
7;1.7390625000000002;1.95;1.53125;1.96875;1.675
8;1.7625;1.65;1.40625;1.78125;1.725
9;1.6921875;1.675;1.09375;1.8125;1.575
10;1.634375;1.575;1.21875;1.96875;1.575
